{
    "center_of_image_coords": {
        "x": 18.46181950537658,
        "y": 52.33749093013154
    },
    "coords_reference_system": {
        "crs": "EPSG:4326"
    },
    "boundary_box": {
        "left": 18.43245436551618,
        "right": 18.49118464523698,
        "top": 52.3443963427888,
        "bottom": 52.33058551747427
    }
}